Product ID,Product Description,Supplier
68481723,Knorr Bouillon Powder Chicken 3x1kg,Knorr
145279,KULANA CRANBERRY 12X1LTR,Mulrines
12107444,Maggi Liquid Seasoning 6 x 1 kg,Maggi
464456,Twix White Single 46g (1x20),Mars Wrigley
VIT3D,VITHIT Mandarin Orange Detox 500ml,Vit Hit
12461268,WINALOT SNRCiG MVChkn&Crt10 4(12x100g)GB,Nestl‚ Purina
300000721,DOR CHLHW BAG 40G 1PK32CS,Walkers
300002546,NOBY NT SWTCHLPNT BAG 40G 1PK20CS DU,Walkers
4315281,SPK 130G STRAWBERRY PMP 10CA,Mondel?z
12552851,BKRS ADULT Bf&Veg&WhlG5x1kg PMP œ3.39,Nestl‚ Purina
600279,Golden Lion Hen Butts,N/A
